Country name,Regional indicator,Happiness Value,Logged GDP per capita,Social support,Healthy life expectancy,Freedom to make life choices,Generosity,Perceptions of corruption,Ladder score in Dystopia,Explained by: Log GDP per capita,Explained by: Social support,Explained by: Healthy life expectancy,Explained by: Freedom to make life choices,Explained by: Generosity,Explained by: Perceptions of corruption,Dystopia + residual,Happiness/GDP,Happiness/Life Expetancy,Happiness/Social Support,Happiness/Freedom,Happiness/Generosity,Happiness/Corruption,Happiness/Dystopia
Afghanistan,South Asia,2.566900015,7.462860584,0.4703669548,52.59000015,0.3965730071,-0.09642940015,0.9336865544,1.972316742,0.3007058501,0.3564338386,0.2660515308,0,0.1352347136,0.001225785352,1.507235646,0.3439565815,0.04880965977,5.457228635,6.472704821,-26.61947509,2.749209574,
Albania,Central and Eastern Europe,4.882699966,9.417930603,0.6710704565,68.70813751,0.7819942236,-0.0423094891,0.8963037133,1.972316742,0.9066530466,0.8304839134,0.8463296294,0.4619458914,0.1710277647,0.02536128461,1.640897036,0.5184472229,0.07106436214,7.275987073,6.243907972,-115.4043707,5.447595379,
Algeria,Middle East and North Africa,5.005099773,9.537964821,0.8033851385,65.90517426,0.4666109085,-0.1211051643,0.7354851365,1.972316742,0.9438560009,1.143003583,0.7454185486,0.08394379914,0.118915014,0.1291906536,1.840811729,0.5247555288,0.07594395781,6.230012896,10.72649542,-41.32854121,6.805167807,
Argentina,Latin America and Caribbean,5.974699974,9.810955048,0.9005679488,68.80380249,0.831132412,-0.1949138641,0.8420098424,1.972316742,1.028465629,1.372543693,0.849773705,0.5208403468,0.07010047138,0.06041505933,2.072540998,0.6089825043,0.08683677003,6.63436888,7.188625889,-30.65302717,7.095760255,
Armenia,Commonwealth of Independent States,4.676799774,9.100476265,0.7574794292,66.75065613,0.7120178342,-0.1387796104,0.7735447884,1.972316742,0.8082624078,1.034576893,0.7758572698,0.3780758083,0.1072257385,0.1046181843,1.468161583,0.5139071449,0.07006372739,6.174160767,6.568374484,-33.69947329,6.045932756,
Australia,North America and ANZ,7.222799778,10.72059631,0.9448546171,73.60453796,0.9154317379,0.1904601604,0.4151691198,1.972316742,1.310396433,1.477146268,1.022607684,0.6218771935,0.324973613,0.3359964192,2.129804134,0.6737311589,0.09812981615,7.644350408,7.890047372,37.92289035,17.39724713,
Austria,Western Europe,7.294199944,10.7428236,0.9280458689,73.00250244,0.8999894857,0.08542922139,0.4999548793,1.972316742,1.317285538,1.437444925,1.000933528,0.6033688784,0.255509764,0.2812561393,2.398446083,0.6789834977,0.09991712201,7.859740761,8.104761288,85.38296176,14.58971648,
Azerbaijan,Commonwealth of Independent States,5.164800167,9.687726974,0.8193082809,65.50839996,0.7868241072,-0.2402552813,0.5525375605,1.972316742,0.9902727008,1.180613041,0.731134057,0.4677347243,0.0401132144,0.2473071814,1.507632971,0.5331281714,0.07884179998,6.303854467,6.564110225,-21.49713479,9.347419138,
Bahrain,Middle East and North Africa,6.227300167,10.67638016,0.8763421178,68.5,0.9058557749,0.1337291896,0.7393471003,1.972316742,1.296692252,1.31532371,0.8388363719,0.6103999019,0.287453711,0.1266972572,1.751917362,0.5832782343,0.09090949149,7.106014924,6.874494086,46.56649894,8.42270182,
Bangladesh,South Asia,4.832799911,8.287063599,0.6872929931,64.50306702,0.9006249905,-0.03366472572,0.6618435383,1.972316742,0.5561562777,0.8688005805,0.6949405074,0.6041305661,0.1767451167,0.1767359078,1.755261898,0.5831739861,0.07492356775,7.031644379,5.366051312,-143.5567885,7.302027793,
Belarus,Commonwealth of Independent States,5.539899826,9.779945374,0.9067474604,66.10433197,0.6391630769,-0.1649265438,0.6357116699,1.972316742,1.018854499,1.38713932,0.7525885701,0.290755868,0.08993306011,0.1936074346,1.8069911,0.5664550889,0.08380539763,6.109639197,8.667427807,-33.5901044,8.714485022,
Belgium,Western Europe,6.863500118,10.6736393,0.9116325378,72.00164795,0.8135820627,-0.07869119942,0.6122979522,1.972316742,1.295842767,1.398677588,0.9649011493,0.4998054206,0.1469661593,0.2087240517,2.348626614,0.6430327957,0.09532420873,7.528801171,8.436149754,-87.22068247,11.20941217,
Benin,Sub-Saharan Africa,5.21600008,7.674319744,0.4686711431,54.31246567,0.7351825833,-0.003537212731,0.740532577,1.972316742,0.3662447035,0.3524284363,0.3280629516,0.4058398902,0.1966704279,0.1259318739,3.440809727,0.6796693719,0.09603688612,11.12933911,7.094836301,-1474.607403,7.043579502,
Bolivia,Latin America and Caribbean,5.747499943,8.851115227,0.8031086922,63.6004715,0.8758733273,-0.09168113023,0.8226062059,1.972316742,0.7309763432,1.142350554,0.6624456644,0.5744645,0.1383750737,0.07294263691,2.425928593,0.649353194,0.09036882601,7.15656548,6.562021886,-62.69010786,6.986939682,
Bosnia and Herzegovina,Central and Eastern Europe,5.674099922,9.455817223,0.8292041421,67.80813599,0.6513527036,0.09827455878,0.9337691069,1.972316742,0.9183954597,1.203986526,0.8139281869,0.3053657413,0.2640052438,0.001172487042,2.16724205,0.600064467,0.08367874798,6.842826313,8.711255655,57.73722103,6.076555629,
Botswana,Sub-Saharan Africa,3.478899956,9.711203575,0.7791217566,58.92445374,0.8213281035,-0.2503944933,0.7779309154,1.972316742,0.9975489974,1.08569479,0.494101733,0.5090894103,0.03340748698,0.1017863676,0.2572405338,0.3582357149,0.05904000352,4.465155704,4.235700618,-13.89367597,4.471990876,
Brazil,Latin America and Caribbean,6.375599861,9.56643486,0.8967238069,66.48016357,0.7998048067,-0.1018123925,0.7706012726,1.972316742,0.9526798725,1.363464117,0.7661190629,0.4832927287,0.1316745877,0.1065186039,2.571860313,0.6664551585,0.09590228902,7.10988134,7.971444792,-62.62105925,8.273539232,
Bulgaria,Central and Eastern Europe,5.101500034,9.869318962,0.9378403425,66.80397797,0.7451781631,-0.1439084411,0.9355851412,1.972316742,1.046554685,1.460578918,0.777776897,0.4178200662,0.1038337126,0,1.294961452,0.5169049712,0.07636521341,5.439625278,6.846013863,-35.44962336,5.45273734,
Burkina Faso,Sub-Saharan Africa,4.768700123,7.46854496,0.7129436135,53.88945389,0.6655635834,-0.01908051595,0.7397950292,1.972316742,0.3024676442,0.9293859005,0.3128338754,0.3223981559,0.1863906085,0.1264080554,2.588826418,0.6385045746,0.08849041471,6.688747935,7.164905415,-249.9251139,6.44597481,
Burundi,Sub-Saharan Africa,3.775300026,6.492642403,0.4903257191,53.40000153,0.626350224,-0.01755159721,0.6069345474,1.972316742,0,0.4035752714,0.2952128351,0.2753990591,0.1874017864,0.2121868283,2.401507378,0.5814735807,0.07069850034,7.699575769,6.027458571,-215.0972348,6.220275385,
Cambodia,Southeast Asia,4.848400116,8.249890327,0.773080647,61.52996826,0.9597046375,0.05191117898,0.8227690458,1.972316742,0.5446349382,1.071426034,0.5879043341,0.6749403477,0.2333420813,0.07283750176,1.663300037,0.5876926751,0.07879737716,6.271532129,5.051971124,93.39799657,5.892783814,
Cameroon,Sub-Saharan Africa,5.084899902,8.118647575,0.700386405,52.7049408,0.7630518079,-0.001496450393,0.8513365984,1.972316742,0.5039580464,0.8997264504,0.2701895535,0.4392424822,0.1980201006,0.05439342186,2.719370842,0.626323517,0.096478619,7.260135071,6.663898637,-3397.974249,5.97284307,
Canada,North America and ANZ,7.23210001,10.69236851,0.9271766543,73.60160065,0.9339132309,0.124770768,0.3908433616,1.972316742,1.301647663,1.435391903,1.022501945,0.6440281272,0.2815289199,0.3517018557,2.195269108,0.6763796071,0.09826009144,7.800131697,7.743867172,57.96309606,18.50383228,
Central African Republic,Sub-Saharan Africa,3.475899935,6.625160217,0.3194598556,45.20000076,0.6408806443,0.08241035789,0.8918066621,1.972316742,0.04107208177,0,0,0.2928144634,0.253513217,0.02826471813,2.860197544,0.5246514531,0.07690043974,10.88055314,5.423630696,42.17794976,3.897593596,
Chad,Sub-Saharan Africa,4.422699928,7.467963696,0.6323880553,48.22053909,0.5873052478,0.01783471927,0.8027608395,1.972316742,0.3022874892,0.739118278,0.1087440997,0.2286017686,0.2108050883,0.08575540781,2.74742651,0.5922230087,0.09171817677,6.993648743,7.530496186,247.9825929,5.509361831,
Chile,Latin America and Caribbean,6.228499889,10.0320549,0.8797135949,69.90061951,0.7448962927,-0.06566836685,0.8382394314,1.972316742,1.096992493,1.323286891,0.8892608285,0.4174822271,0.1555790007,0.06284935027,2.283012867,0.6208598289,0.08910507422,7.08014509,8.361566503,-94.84779641,7.430454422,
China,East Asia,5.123899937,9.688568115,0.7987605929,69.2891922,0.8985179067,-0.1814257503,0.7539710999,1.972316742,0.9905334115,1.132080674,0.8672485352,0.6016051173,0.07902104408,0.1172555536,1.336181879,0.5288603926,0.07394948294,6.414813127,5.702613046,-28.24240732,6.795883738,
Colombia,Latin America and Caribbean,6.163400173,9.500369072,0.8844402432,67.69958496,0.8361799121,-0.1612356454,0.8645718098,1.972316742,0.9322037101,1.33445096,0.8100201488,0.5268900394,0.09237409383,0.0458483696,2.421656609,0.6487537617,0.09104044252,6.96870164,7.370901984,-38.22603964,7.128847024,
Comoros,Sub-Saharan Africa,4.288599968,7.833630085,0.625662446,57.34901047,0.5476126075,0.09000840783,0.7806226015,1.972316742,0.415620774,0.7232328057,0.4373833239,0.181028232,0.258538276,0.1000485346,2.17276907,0.5474601074,0.07478071431,6.854494776,7.831448563,47.64665959,5.493819881,
Congo (Brazzaville),Sub-Saharan Africa,5.194399834,8.536987305,0.6402280927,57.92448044,0.7190585136,-0.1236740947,0.7517790794,1.972316742,0.6336167455,0.7576360106,0.4581011236,0.3865143955,0.1172160134,0.1186707839,2.722619534,0.6084581889,0.08967538067,8.113358181,7.223890316,-42.00071039,6.909476435,
Congo (Kinshasa),Sub-Saharan Africa,4.31099987,6.694256306,0.6721590161,52.90000153,0.7007935643,0.08363765478,0.8094035983,1.972316742,0.06248746812,0.8330550194,0.2772120535,0.3646229804,0.2543248832,0.081466645,2.437864304,0.643984884,0.08149337894,6.413660707,6.151597403,51.54376795,5.326143693,
Costa Rica,Latin America and Caribbean,7.121399879,9.658156395,0.9015459418,71.29985046,0.934738934,-0.1024297103,0.7863324285,1.972316742,0.9811077118,1.374853611,0.9396353364,0.6450177431,0.1312663108,0.0963620916,2.953135014,0.7373456784,0.09987959067,7.899098148,7.618597686,-69.52474879,9.056474872,
Croatia,Central and Eastern Europe,5.504700184,10.07087517,0.8746237159,70.21490479,0.7148388028,-0.1285383254,0.9164952636,1.972316742,1.109024286,1.311264873,0.9005755782,0.3814568818,0.1139989793,0.01232500561,1.676029205,0.54659601,0.07839788718,6.293792501,7.700617485,-42.82536096,6.006250553,
Cyprus,Western Europe,6.15899992,10.40570259,0.8059962392,73.70222473,0.7798582911,0.04373149574,0.8562717438,1.972316742,1.21279943,1.149170756,1.026124597,0.4593858719,0.2279323339,0.05120714381,2.032334805,0.5918869837,0.08356599739,7.641474762,7.897588562,140.8367086,7.192809952,
Czech Republic,Central and Eastern Europe,6.910900116,10.40416336,0.9144306779,70.04793549,0.8185373545,-0.2308615148,0.8584462404,1.972316742,1.212322354,1.40528667,0.8945644498,0.5057445765,0.04632592946,0.04980322346,2.796808243,0.6642437144,0.09865958316,7.557598715,8.442986845,-29.9352628,8.050475138,
Denmark,Western Europe,7.645599842,10.77400112,0.9559907913,72.40250397,0.9514442682,0.06620177627,0.1684894562,1.972316742,1.326948524,1.503449202,0.9793325663,0.665039897,0.2427933961,0.4952603281,2.432740688,0.7096342163,0.1055985556,7.997566411,8.035783174,115.489346,45.37731924,
Dominican Republic,Latin America and Caribbean,5.689199924,9.664880753,0.8820853829,65.80748749,0.8662027717,-0.1312632859,0.7559999228,1.972316742,0.9831918478,1.328888893,0.7419016957,0.5628738999,0.1121967807,0.1159456819,1.844246864,0.5886466755,0.0864521674,6.449715679,6.567977049,-43.34189782,7.525397494,
Ecuador,Latin America and Caribbean,5.925199986,9.246058464,0.8364189863,68.50003815,0.859828949,-0.1270149648,0.8012151122,1.972316742,0.8533836007,1.221027613,0.8388377428,0.5552345514,0.1150064766,0.08675338328,2.254933834,0.6408352282,0.08649922169,7.084009429,6.891138049,-46.64962112,7.395267382,
Egypt,Middle East and North Africa,4.151400089,9.316541672,0.735447824,61.78015137,0.7083541751,-0.196878314,0.7877268791,1.972316742,0.8752289414,0.9825395346,0.5969113111,0.3736847341,0.06880125403,0.09546179324,1.158818245,0.4455945388,0.06719634053,5.644724145,5.860627685,-21.0861217,5.270100842,
El Salvador,Latin America and Caribbean,6.34829998,8.909075737,0.8060922623,66.10826111,0.833805263,-0.1210729778,0.7543199062,1.972316742,0.7489404082,1.149397612,0.7527300119,0.5240439177,0.1189363003,0.1170303524,2.937191725,0.712565497,0.09602884532,7.875401213,7.613648248,-52.43366519,8.415925296,
Estonia,Central and Eastern Europe,6.021800041,10.34001732,0.9347299933,68.60495758,0.8777091503,-0.1116977707,0.6230738163,1.972316742,1.192441225,1.453232527,0.8426150084,0.5766648054,0.125136748,0.2017668188,1.629928112,0.5823781388,0.08777499839,6.442288237,6.860814928,-53.91155084,9.66466554,
Ethiopia,Sub-Saharan Africa,4.186200142,7.509385586,0.7433073521,58.63959122,0.7407951951,0.04337733239,0.7536900043,1.972316742,0.3151256442,1.001103282,0.4838462472,0.4125668705,0.2276981026,0.1174370348,1.628459215,0.5574624041,0.07138863104,5.63185623,5.650954771,96.50662941,5.554273133,
Finland,Western Europe,7.808700085,10.63926697,0.9543297291,71.9008255,0.9491721988,-0.05948201939,0.1954445839,1.972316742,1.285189509,1.499525905,0.9612714052,0.6623167396,0.1596704423,0.4778572619,2.762835026,0.7339509487,0.1086037612,8.182392151,8.22685293,-131.2783285,39.95352508,
France,Western Europe,6.663799763,10.58422279,0.9371037483,73.80193329,0.8254676461,-0.1306419671,0.5835211277,1.972316742,1.268129349,1.458839178,1.029714227,0.5140509009,0.1126077026,0.2273032367,2.053198338,0.6295974577,0.09029302439,7.1110587,8.072757054,-51.00810951,11.41998027,
Gabon,Sub-Saharan Africa,4.829299927,9.680537224,0.787886858,59.71533966,0.704829216,-0.2222616225,0.8491509557,1.972316742,0.9880443811,1.10639751,0.522574842,0.3694598973,0.05201360211,0.05580453947,1.735027552,0.4988669343,0.08087201637,6.129433278,6.851730628,-21.72799726,5.687210141,
Gambia,Sub-Saharan Africa,4.750599861,7.321814537,0.6931686997,55.0120163,0.733163178,0.3431987166,0.6907178164,1.972316742,0.2569905519,0.8826786876,0.3532478809,0.4034195244,0.4259896874,0.1580937952,2.270216465,0.6488282156,0.0863556761,6.853454091,6.47959418,13.84212595,6.877772295,
Georgia,Commonwealth of Independent States,4.672599792,9.226100922,0.6290330291,64.49520874,0.8016415238,-0.2289203703,0.6659446955,1.972316742,0.8471980691,0.7311939001,0.6946576238,0.485494107,0.04760973528,0.1740880758,1.69239831,0.5064544418,0.07244878936,7.428226463,5.828789619,-20.41146354,7.016498253,
Germany,Western Europe,7.075799942,10.7328186,0.8988744617,72.20201874,0.8673710823,0.08017938584,0.4564220309,1.972316742,1.314184546,1.368543744,0.9721148014,0.5642741323,0.252037704,0.3093622923,2.295249462,0.6592676354,0.09800002916,7.87184445,8.15775403,88.24961513,15.50275723,
Ghana,Sub-Saharan Africa,5.147999763,8.350645065,0.7286010981,57.20398712,0.7947965264,0.0941708535,0.8479647636,1.972316742,0.5758624673,0.96636796,0.432162255,0.4772900641,0.2612912059,0.05657038093,2.378437281,0.6164792927,0.08999372286,7.065594297,6.477129167,54.66659346,6.071006702,
Greece,Western Europe,5.514999866,10.13232613,0.8143803477,72.40525818,0.5413451195,-0.3009073734,0.8599314094,1.972316742,1.128070116,1.168973565,0.9794317484,0.173516348,0,0.04884435236,2.016179085,0.5442975086,0.07616849943,6.772019833,10.18758583,-18.32789873,6.413302045,
Guatemala,Latin America and Caribbean,6.398900032,8.924805641,0.8166214824,64.8089447,0.9081475735,-0.04293866456,0.7832374573,1.972316742,0.7538157105,1.174267054,0.7059525847,0.6131467223,0.1706116647,0.09836030006,2.882723093,0.7169792026,0.09873482837,7.835821332,7.046101558,-149.0241976,8.169808495,
Guinea,Sub-Saharan Africa,4.949299812,7.750990391,0.6375734806,54.46780014,0.7068467736,0.0763284713,0.7617944479,1.972316742,0.3900077343,0.7513659596,0.3336552382,0.3718780577,0.2494908422,0.1122045591,2.740729809,0.6385377304,0.09086652664,7.76271279,7.001941576,64.84211891,6.496896671,
Haiti,Latin America and Caribbean,3.720799923,7.411329269,0.5932478309,55.59862518,0.5378251672,0.4005345702,0.6847672462,1.972316742,0.2847344279,0.6466713548,0.3743667305,0.1692975163,0.4639096558,0.1619356722,1.619916916,0.5020421827,0.06692251671,6.271914922,6.918233192,9.289584969,5.433670993,
Honduras,Latin America and Caribbean,5.953199863,8.424534798,0.8218701482,67.19876862,0.8706032634,0.08696911484,0.8011319041,1.972316742,0.5987635851,1.186664104,0.7919899821,0.5681480765,0.2565281987,0.08680710196,2.464295387,0.7066502788,0.08859090704,7.243479857,6.83801694,68.45188518,7.430985875,
Hong Kong S.A.R. of China,East Asia,5.510399818,10.9346714,0.8459690809,76.77170563,0.7798337936,0.1349799037,0.4206072092,1.972316742,1.376746058,1.243584275,1.136630654,0.4593565166,0.2882809043,0.3324854374,0.6732931137,0.5039383092,0.07177644125,6.513713022,7.066120837,40.82385353,13.10105889,
Hungary,Central and Eastern Europe,6.000400066,10.24924374,0.9219341278,67.60997009,0.7189645767,-0.1943230182,0.8929165006,1.972316742,1.164307117,1.423009396,0.8067938685,0.3864018023,0.07049123943,0.02754817344,2.121845722,0.58544808,0.08875022512,6.508491101,8.345891106,-30.87848327,6.720001324,
Iceland,Western Europe,7.504499912,10.77255917,0.9746695757,73,0.9488918781,0.2469442189,0.7117097378,1.972316742,1.326501608,1.547567487,1.000843406,0.6619807482,0.3623302281,0.1445407718,2.460688114,0.6966311158,0.1028013687,7.699532333,7.908698647,30.38945373,10.54432659,
India,South Asia,3.573299885,8.849823952,0.5922009349,60.21518707,0.8814448714,0.05755160749,0.7720426917,1.972316742,0.7305761576,0.6441986561,0.5405701399,0.5811422467,0.2370724827,0.1055879816,0.7341308594,0.4037707308,0.05934217028,6.033931516,4.053911936,62.08861995,4.628370844,
Indonesia,Southeast Asia,5.285600185,9.36975193,0.8083798885,62.15584946,0.8706144094,0.5195865035,0.876296401,1.972316742,0.8917207122,1.154800892,0.6104370356,0.568161428,0.5426465273,0.03827861324,1.479573488,0.5641131403,0.08503785616,6.538510248,6.071114983,10.17270493,6.031749279,
Iran,Middle East and North Africa,4.672399998,9.813719749,0.6946896911,66.00614929,0.6478732824,0.117891103,0.7146359682,1.972316742,1.029322505,0.8862711787,0.7490538359,0.3011954725,0.2769789398,0.1426515132,1.286969423,0.4761089696,0.07078734403,6.725880717,7.211904124,39.63318586,6.538153977,
Iraq,Middle East and North Africa,4.784800053,9.661095619,0.7476949692,59.90354919,0.6331826448,-0.06956475973,0.8222618103,1.972316742,0.9820187092,1.011466622,0.529350698,0.2835880518,0.1530020684,0.07316499203,1.752173662,0.4952647444,0.07987506779,6.399401159,7.556745422,-68.78195326,5.819071241,
Ireland,Western Europe,7.093699932,11.16097832,0.9420815706,72.30078888,0.8869829774,0.1457849741,0.3571841717,1.972316742,1.446886778,1.470596433,0.9756706953,0.5877799392,0.2954269946,0.3734332621,1.943878174,0.6355804778,0.09811372797,7.52981499,7.997560396,48.65864933,19.86006238,
Israel,Middle East and North Africa,7.128600121,10.41752529,0.9135712385,73.20025635,0.7475805879,0.10259372,0.7808550596,1.972316742,1.216463685,1.403256774,1.008052945,0.4206994772,0.2668617964,0.09989845008,2.713358402,0.684289207,0.0973849065,7.803004101,9.535560763,69.48378637,9.129223193,
Italy,Western Europe,6.38740015,10.48183632,0.889878571,73.60168457,0.6646519899,-0.04346099868,0.8734046817,1.972316742,1.236396074,1.347296,1.022504926,0.321305573,0.170266211,0.04014559835,2.249505997,0.6093779712,0.08678334182,7.177833424,9.61014222,-146.9685544,7.313219501,
Ivory Coast,Sub-Saharan Africa,5.233300209,8.225561142,0.6580486894,49.50377274,0.7279093266,-0.04399115592,0.7907719612,1.972316742,0.5370944142,0.7997272611,0.1549425125,0.3971225321,0.1699155867,0.09349579364,3.081022501,0.6362240969,0.1057151793,7.952755311,7.18949465,-118.9625528,6.617963795,
Jamaica,Latin America and Caribbean,5.889800072,9.006250381,0.9157018661,67.09999847,0.8580685258,-0.1251067668,0.888890028,1.972316742,0.7790583968,1.408289194,0.7884340882,0.5531246066,0.1162684932,0.03014778532,2.214436531,0.653968058,0.08777645612,6.43200619,6.86402064,-47.07818947,6.626016589,
Japan,East Asia,5.870800018,10.57968903,0.8835459352,75.00096893,0.8099613786,-0.2469103485,0.6545580626,1.972316742,1.26672411,1.332338691,1.072881341,0.4954658747,0.03571178019,0.1814396381,1.486200333,0.5549123423,0.07827632232,6.644589471,7.248246859,-23.77705128,8.969105041,
Jordan,Middle East and North Africa,4.633399963,9.025999069,0.8021637201,66.79975128,0.7510477901,-0.1625652015,0.7003443241,1.972316742,0.7851791978,1.140118599,0.7776247263,0.4248550832,0.09149476886,0.1518786252,1.262258053,0.5133392911,0.06936253316,5.77612755,6.169247849,-28.50179448,6.615888505,
Kazakhstan,Commonwealth of Independent States,6.057899952,10.11465836,0.9347448945,64.60996246,0.8116019368,-0.06848863512,0.7644908428,1.972316742,1.122594237,1.453267694,0.6987889409,0.4974321425,0.1537137926,0.1104636863,2.021602631,0.5989228443,0.09376108143,6.480805605,7.464127027,-88.45117064,7.924097468,
Kenya,Sub-Saharan Africa,4.583000183,8.02977562,0.7026520371,60.09693146,0.8297475576,0.2946815193,0.8314991593,1.972316742,0.476413399,0.9050777555,0.5363127589,0.5191805363,0.3939020932,0.06720107794,1.684904575,0.5707507159,0.07626013628,6.522432073,5.523366885,15.55238413,5.511731589,
Kosovo,Central and Eastern Europe,6.325200081,9.204429626,0.8207265139,63.88555527,0.8615359068,0.190933764,0.9223282933,1.972316742,0.8404813409,1.183962822,0.672709167,0.5572804213,0.3252868652,0.008559023961,2.736902714,0.6871908785,0.0990082978,7.706830441,7.341771865,33.127719,6.85786192,
Kuwait,Middle East and North Africa,6.102099895,11.08982468,0.8464752436,66.76764679,0.872366488,-0.1001847014,0.7608490586,1.972316742,1.424833655,1.244779825,0.7764689326,0.5702614188,0.1327510923,0.1128149331,1.840167999,0.5502431349,0.09139306519,7.208834448,6.994881142,-60.90850011,8.020118874,
Kyrgyzstan,Commonwealth of Independent States,5.541500092,8.148405075,0.8872284889,64.10601044,0.9093748927,0.1547720581,0.8883960843,1.972316742,0.5131809711,1.341036677,0.6806458831,0.6146177649,0.3013707399,0.03046669066,2.060206652,0.6800717491,0.08644275402,6.245854547,6.093746524,35.80426699,6.237645786,
Laos,Southeast Asia,4.888599873,8.79858017,0.7375022173,58.70992279,0.9072135687,0.1113714799,0.6346793175,1.972316742,0.7146938443,0.9873918891,0.4863782823,0.6120272875,0.27266711,0.1942739636,1.621152639,0.5556123577,0.08326701246,6.628590068,5.388587695,43.89453993,7.702472316,
Latvia,Central and Eastern Europe,5.949999809,10.17531967,0.9182885885,66.8074646,0.6712376475,-0.1868888438,0.7955800891,1.972316742,1.14139545,1.414398789,0.7779024243,0.3291988075,0.07540794462,0.09039152414,2.121283054,0.5847481948,0.08906190117,6.479444353,8.864222427,-31.83710536,7.478819406,
Lebanon,Middle East and North Africa,4.771500111,9.3617239,0.8243381381,67.10658264,0.5513575077,-0.06121527031,0.9022562504,1.972316742,0.8892325163,1.19249332,0.7886711359,0.1855166703,0.1585241407,0.02151814662,1.53554225,0.509681781,0.07110330943,5.788280185,8.654094746,-77.94623934,5.28840904,
Lesotho,Sub-Saharan Africa,3.652800083,7.960488319,0.7804957032,48.00362396,0.7381258607,-0.1457320452,0.8573920727,1.972316742,0.4549387395,1.088940024,0.1009348109,0.4093675315,0.1026276425,0.05048382282,1.445513964,0.4588663329,0.07609425668,4.680102745,4.948749634,-25.06518095,4.260361391,
Liberia,Sub-Saharan Africa,4.557899952,7.054380417,0.7092805505,56.09631348,0.735268712,0.04227321967,0.8563759327,1.972316742,0.1741030067,0.9207339287,0.3922842741,0.4059430957,0.2269678712,0.05113987625,2.386757851,0.6461091808,0.08125132775,6.426089012,6.198958119,107.8200333,5.322312057,
Libya,Middle East and North Africa,5.488800049,9.789815903,0.8259429336,62.29999924,0.7731570005,-0.08505448699,0.6687791348,1.972316742,1.021913767,1.196283698,0.6156266332,0.4513540566,0.1427576989,0.1722580791,1.888563156,0.5606642764,0.08810273059,6.645495501,7.099205006,-64.53275122,8.20719392,
Lithuania,Central and Eastern Europe,6.215499878,10.34362602,0.9261071086,67.29407501,0.7473814487,-0.2197252959,0.8095838428,1.972316742,1.193559647,1.432865739,0.7954211831,0.4204607904,0.05369104072,0.08135027438,2.238146067,0.6009014503,0.092363256,6.711426594,8.316368955,-28.28759362,7.677401091,
Luxembourg,Western Europe,7.237500191,11.45068073,0.9069122076,72.59999847,0.9056364298,-0.004620587919,0.3670842946,1.972316742,1.536676049,1.387528419,0.9864426851,0.6101370454,0.1959539205,0.3670414686,2.153700352,0.632058509,0.09969008737,7.980375752,7.991617776,-1566.359156,19.71618045,
Macedonia,Central and Eastern Europe,5.159800053,9.510591507,0.8203923106,67.50442505,0.7388409376,-0.01987745054,0.8974905014,1.972316742,0.935371995,1.183173537,0.802994132,0.4102245867,0.1858635396,0.02459505945,1.617594957,0.5425319812,0.07643647137,6.289430052,6.983641255,-259.5805756,5.749141684,
Madagascar,Sub-Saharan Africa,4.165599823,7.281685829,0.6681959033,59.10542679,0.5575740933,-0.01182363927,0.8174856305,1.972316742,0.2445532084,0.8236943483,0.5006170273,0.192967549,0.191190064,0.07624863833,2.136298418,0.5720653048,0.07047745105,6.234099614,7.470935025,-352.3111393,5.095624519,
Malawi,Sub-Saharan Africa,3.538000107,7.062226295,0.5440073013,57.59288788,0.8032231927,0.02143327892,0.731700778,1.972316742,0.1765347272,0.5303680897,0.4461632967,0.4873898327,0.213185057,0.1316339523,1.552718282,0.5009751824,0.06143119814,6.503589379,4.404753422,165.0704085,4.835310024,
Malaysia,Southeast Asia,5.384300232,10.26251888,0.8165094256,67.10215759,0.8946268559,0.1147267967,0.8393023014,1.972316742,1.168421626,1.17400229,0.7885118723,0.5969415307,0.2748861611,0.06216313317,1.319420815,0.5246567917,0.08024034435,6.594290357,6.018487145,46.93149626,6.41520966,
Maldives,South Asia,5.197599888,9.518632889,0.9131609201,70.59999847,0.853962779,0.03808549792,0.824211061,1.972316742,0.9378643036,1.402287602,0.914439559,0.5482036471,0.224198252,0.07190649211,1.098674774,0.5460447891,0.0736203966,5.691877273,6.086447812,136.4718901,6.306151584,
Mali,Sub-Saharan Africa,4.729300022,7.629852295,0.7314689755,51.72698212,0.7115661502,-0.04436692595,0.8393284082,1.972316742,0.3524626493,0.9731417298,0.234981522,0.3775344491,0.1696670502,0.06214627624,2.559335232,0.619841622,0.09142810635,6.465482721,6.646325181,-106.5951702,5.634624035,
Malta,Western Europe,6.772799969,10.53383827,0.9303795099,72.19999695,0.9249114394,0.2149658054,0.6585472822,1.972316742,1.252513289,1.442956924,0.9720420241,0.6332390308,0.3411808312,0.1788640767,1.952012062,0.6429565173,0.09380609771,7.279609983,7.322646991,31.50640613,10.28445512,
Mauritania,Sub-Saharan Africa,4.374599934,8.233919144,0.7908192277,57.01017761,0.551522553,-0.1060081422,0.7462235093,1.972316742,0.5396848917,1.113323569,0.4251848161,0.1857144833,0.1288996637,0.122257635,1.85955739,0.5312901253,0.07673366611,5.531731881,7.931860465,-41.26664086,5.862318567,
Mauritius,Sub-Saharan Africa,6.101299763,9.956786156,0.9103578329,66.40434265,0.889534533,-0.01831857301,0.8053430915,1.972316742,1.07366395,1.395666838,0.7633894086,0.5908381343,0.1868945509,0.08408822864,2.006720543,0.6127780257,0.09188103547,6.702089598,6.858980215,-333.0663234,7.576025457,
Mexico,Latin America and Caribbean,6.465000153,9.797797203,0.8386654258,68.29902649,0.8587092757,-0.1752666235,0.8068215847,1.972316742,1.024387479,1.226333499,0.8316010237,0.5538925529,0.0830944851,0.08313366771,2.662540197,0.6598422093,0.09465728115,7.708676135,7.528741491,-36.88665887,8.01292414,
Moldova,Commonwealth of Independent States,5.607500076,8.776714325,0.8433135748,65.01301575,0.7216091752,-0.03774103895,0.9133142829,1.972316742,0.7079167962,1.237312198,0.7132994533,0.3895714879,0.1740491837,0.01437874418,2.370968342,0.638906528,0.08625196066,6.649365365,7.77082702,-148.5783177,6.139726687,
Mongolia,East Asia,5.456200123,9.412186623,0.9371424913,62.30448532,0.6933513284,0.0980938673,0.8635112047,1.972316742,0.9048727751,1.458930612,0.6157881618,0.3557031155,0.2638857365,0.04653312638,1.810527563,0.5796952761,0.08757315135,5.822167038,7.869315165,55.62223483,6.318621105,
Montenegro,Central and Eastern Europe,5.54610014,9.751860619,0.8553146124,68.50534821,0.6495656371,-0.07560035586,0.7831215858,1.972316742,1.010150075,1.265657902,0.8390288949,0.3032238483,0.1490103304,0.09843511134,1.880565882,0.5687222528,0.08095864462,6.484280824,8.538167389,-73.36076763,7.082042227,
Morocco,Middle East and North Africa,5.094799995,8.940313339,0.592628479,65.89624023,0.7720724344,-0.2403772473,0.8157246113,1.972316742,0.7586221099,0.645208478,0.7450969219,0.4500541389,0.04003255069,0.07738560438,2.378402472,0.5698681693,0.07731548837,8.596954375,6.598862708,-21.19501763,6.245735295,
Mozambique,Sub-Saharan Africa,4.623600006,7.069345951,0.7238740325,54.20582199,0.8644518852,0.03237586841,0.6830191016,1.972316742,0.1787413657,0.9552028775,0.3242236376,0.5607753396,0.220422104,0.1630643159,2.221216202,0.6540350463,0.08529711083,6.387299169,5.348591501,142.8100691,6.769356809,
Myanmar,Southeast Asia,4.308000088,8.680481911,0.7844070196,58.96171188,0.895075202,0.5606639981,0.6451243162,1.972316742,0.67809093,1.098178267,0.4954430759,0.5974788666,0.5698137283,0.1875303537,0.6814625263,0.4962858205,0.07306436584,5.492046833,4.813003509,7.683746597,6.677782839,
Namibia,Sub-Saharan Africa,4.571100235,9.203141212,0.8468809724,56.50148773,0.7675209641,-0.1853064597,0.8514497876,1.972316742,0.8400819898,1.245738149,0.4068711698,0.4445989728,0.07645448297,0.05432034284,1.503033161,0.4966891336,0.08090229866,5.397571068,5.955668247,-24.66778677,5.36860811,
Nepal,South Asia,5.137199879,7.925357342,0.7855124474,63.77917862,0.797565043,0.1541688293,0.7380991578,1.972316742,0.4440503716,1.100789309,0.6688793898,0.4806082547,0.300971806,0.1275029629,2.014386892,0.6481978865,0.08054666099,6.539934403,6.441104615,33.32191015,6.960040293,
Netherlands,Western Europe,7.448900223,10.81271172,0.9391388297,72.30091858,0.9085478187,0.20761244,0.3647171259,1.972316742,1.338946342,1.463645935,0.9756753445,0.6136264801,0.336317569,0.3685697615,2.352117062,0.6889021384,0.1030263566,7.93162841,8.198688137,35.8788723,20.42377419,
New Zealand,North America and ANZ,7.299600124,10.50094318,0.9491189718,73.20262909,0.9362174869,0.1915980726,0.2211388499,1.972316742,1.242317915,1.48721838,1.008138299,0.6467899084,0.3257262111,0.461268276,2.128108025,0.6951375697,0.09971773166,7.690922151,7.79690641,38.09850498,33.00912585,
Nicaragua,Latin America and Caribbean,6.13710022,8.493160248,0.8574970365,67.50717926,0.8639028668,0.02095914073,0.6659501195,1.972316742,0.620033145,1.27081275,0.8030932546,0.5601173043,0.212871477,0.174084574,2.496081114,0.7225932445,0.09091033409,7.156992921,7.103923896,292.812587,9.2155554,
Niger,Sub-Saharan Africa,4.909599781,6.842166901,0.6174350381,53.50009537,0.7597721219,0.01386081707,0.7225301862,1.972316742,0.1083303317,0.7038001418,0.2988163531,0.4353116155,0.208176896,0.1375547647,3.017630577,0.717550427,0.09176805662,7.951605397,6.461937257,354.2070974,6.795009918,
Nigeria,Sub-Saharan Africa,4.724100113,8.57662487,0.7372168899,49.86190796,0.7595784068,0.03374580666,0.861874342,1.972316742,0.6459018588,0.9867179394,0.167835936,0.4350794554,0.2213281244,0.04758993536,2.219635487,0.5508110923,0.09474366919,6.408019374,6.21937126,139.9907301,5.481193583,
North Cyprus,Western Europe,5.53550005,10.40570259,0.8203566074,73.70222473,0.79529351,0.0002271585254,0.6261156797,1.972316742,1.21279943,1.183089137,1.026124597,0.4778857231,0.1991600543,0.1998029053,1.23668766,0.5319679283,0.07510628166,6.747675339,6.960323428,24368.44508,8.841018088,
Norway,Western Europe,7.487999916,11.08780384,0.9524865746,73.20078278,0.9557502866,0.1345326304,0.2632181942,1.972316742,1.42420733,1.495172501,1.008071899,0.6702008843,0.2879850864,0.4341005683,2.168266296,0.6753366152,0.1022939869,7.861528042,7.834682365,55.65935856,28.44788119,
Pakistan,South Asia,5.69329977,8.482727051,0.6890622973,58.25313568,0.7348337173,0.04489986971,0.7457054257,1.972316742,0.6167994738,0.8729795814,0.4699332416,0.4054217339,0.2287050635,0.1225921214,2.976876736,0.6711638529,0.0977337907,8.262387584,7.747738891,126.7999174,7.634783889,
Palestinian Territories,Middle East and North Africa,4.552800179,8.389223099,0.8252959251,62.25,0.6457918286,-0.1620790958,0.8241999745,1.972316742,0.5878192186,1.194755554,0.6138265729,0.2987007499,0.09181626141,0.07191365212,1.693985701,0.5426962813,0.07313735227,5.516566894,7.049950118,-28.08998998,5.523902353,
Panama,Latin America and Caribbean,6.304800034,10.03423405,0.9020944834,69.60301208,0.8803665042,-0.1539277136,0.8515889049,1.972316742,1.097667813,1.376149297,0.878546536,0.5798497796,0.09720730782,0.05423052609,2.221176147,0.628328979,0.09058228724,6.989068384,7.16156283,-40.95948601,7.403572308,
Paraguay,Latin America and Caribbean,5.692100048,9.389982224,0.8987278938,65.63993835,0.8859234452,0.007997713052,0.8347885013,1.972316742,0.8979908228,1.36819756,0.7358696461,0.5865100622,0.2042992413,0.06507737935,1.83412528,0.6061885862,0.08671702306,6.333507714,6.425047309,711.7159632,6.818613385,
Peru,Latin America and Caribbean,5.796800137,9.456313133,0.8310752511,68.10023499,0.8247660995,-0.1623882204,0.8937149644,1.972316742,0.91854918,1.208405972,0.8244441748,0.5132100582,0.09161181748,0.02703266032,2.213499546,0.6130084796,0.08512158787,6.975060476,7.028417075,-35.69717139,6.486184486,
Philippines,Southeast Asia,6.006000042,8.993545532,0.8467300534,61.92676163,0.9154634476,-0.1054630056,0.7336341143,1.972316742,0.7751206756,1.245381713,0.6021894813,0.6219151616,0.1292602122,0.1303857267,2.501741886,0.6678122683,0.09698553395,7.093169798,6.560611522,-56.94887992,8.186642258,
Poland,Central and Eastern Europe,6.186299801,10.26512432,0.8742574453,69.31113434,0.8620557785,-0.2050840706,0.6869270205,1.972316742,1.16922915,1.310399771,0.8680384755,0.5579035282,0.06337424368,0.1605412513,2.056797981,0.6026522044,0.08925405507,7.076061901,7.176217543,-30.16470165,9.005759878,
Portugal,Western Europe,5.910900116,10.26374245,0.8865907192,72.40202332,0.8887478113,-0.2207143009,0.8926295042,1.972316742,1.168800831,1.339530349,0.9793152809,0.5898951888,0.0530369468,0.02773346566,1.752558708,0.5759010562,0.08163998526,6.666999764,6.650818197,-26.78077539,6.621896417,
Romania,Central and Eastern Europe,6.123700142,10.107584,0.8251615167,67.20723724,0.8428232074,-0.1978152096,0.9343002439,1.972316742,1.120401621,1.1944381,0.7922948599,0.5348523259,0.06818161905,0.0008295688313,2.412749767,0.6058520159,0.09111667721,7.42121393,7.265699483,-30.95666988,6.554317182,
Russia,Commonwealth of Independent States,5.546000004,10.12887192,0.9031507373,64.10045624,0.7298926115,-0.1511537433,0.864802599,1.972316742,1.126999617,1.378644109,0.6804459095,0.3994995952,0.09904191643,0.04569936171,1.815716743,0.5475436997,0.08652044508,6.14072466,7.598378058,-36.69111915,6.41302421,
Rwanda,Sub-Saharan Africa,3.312299967,7.600104332,0.5408354402,61.09884644,0.9005894065,0.05548395216,0.1835411787,1.972316742,0.3432426751,0.5228763223,0.5723832846,0.6040878892,0.2357049882,0.4855424762,0.5484449863,0.4358229601,0.05421215228,6.124413677,3.677924638,59.69834227,18.04663123,
Saudi Arabia,Middle East and North Africa,6.406499863,10.79781246,0.8740670681,66.30514526,0.8541912436,-0.1686950624,0.6826195121,1.972316742,1.334328532,1.309950113,0.7598181367,0.5484774709,0.08744068444,0.1633223146,2.203118801,0.5933146075,0.09662145882,7.32952893,7.500076722,-37.97680721,9.385169555,
Senegal,Sub-Saharan Africa,4.980800152,8.118982315,0.723616004,59.59915161,0.6905961633,-0.05233515427,0.8087851405,1.972316742,0.5040618181,0.95459342,0.5183919072,0.3524008989,0.1643971354,0.08186593652,2.405123949,0.6134759208,0.08357166196,6.883208946,7.212319466,-95.17121372,6.15837248,
Serbia,Central and Eastern Europe,5.77820015,9.680980682,0.8814757466,68.21020508,0.726495862,-0.07367622107,0.8435090184,1.972316742,0.9881818295,1.327448964,0.8284032941,0.3954284191,0.1502828896,0.05944714695,2.029040098,0.596861035,0.08471166657,6.555143657,7.953521075,-78.4269343,6.850193683,
Sierra Leone,Sub-Saharan Africa,3.926399946,7.26880312,0.6361420155,50.86514282,0.7153150439,0.08866074681,0.861330688,1.972316742,0.2405603826,0.7479849458,0.2039539665,0.3820276856,0.2576470077,0.04794093594,2.046271801,0.5401714535,0.07719235076,6.1722066,5.489049866,44.2856629,4.55852787,
Singapore,Southeast Asia,6.377099991,11.39552116,0.9102689624,76.80458069,0.9266453385,0.02987922356,0.1097841933,1.972316742,1.519580126,1.39545691,1.137814283,0.6353172064,0.2187709063,0.5331622362,0.9370317459,0.5596145976,0.08303020385,7.005731552,6.881920974,213.4292405,58.0875971,
Slovakia,Central and Eastern Europe,6.280600071,10.34774971,0.9224937558,68.90634155,0.7499526739,-0.1244093031,0.9180961251,1.972316742,1.194837689,1.424331188,0.8534652591,0.4235425293,0.1167297736,0.01129144058,2.256422043,0.6069532262,0.09114690941,6.808284643,8.374661881,-50.48336351,6.840895957,1.301464395
Slovenia,Central and Eastern Europe,6.363399982,10.39232254,0.9395756721,71.1029892,0.9361426234,-0.08060338348,0.8170710206,1.972316742,1.208652496,1.464677691,0.9325480461,0.6467001438,0.1457014978,0.07651632279,1.888586521,0.6123174062,0.08949553393,6.772631701,6.797468487,-78.9470579,7.788062264,
South Africa,Sub-Saharan Africa,4.814099789,9.403370857,0.8525322676,56.50601196,0.7593300939,-0.1097773239,0.8434238434,1.972316742,0.9021404386,1.259086251,0.4070340693,0.4347818196,0.1264068484,0.05950213969,1.625117302,0.5119546875,0.08519624057,5.64682414,6.339930193,-43.85331704,5.707806136,
South Korea,East Asia,5.872399807,10.51056671,0.799387157,73.6027298,0.612965107,-0.04340403154,0.7890674472,1.972316742,1.245300651,1.133560538,1.022542596,0.2593563497,0.1703038663,0.09459628165,1.946757078,0.5587139084,0.07978508166,7.346127287,9.580316629,-135.2961833,7.4422026,
South Sudan,Sub-Saharan Africa,2.816600084,7.425359726,0.5537071228,51,0.4513136148,0.01651854813,0.7634173036,1.972316742,0.2890829742,0.5532785058,0.208809033,0.06560925394,0.2099346071,0.1111567989,1.378751278,0.3793217013,0.05522745263,5.086804862,6.240893232,170.5113586,3.689463248,
Spain,Western Europe,6.400899887,10.46292686,0.921125412,74.40270996,0.7519895434,-0.05096171424,0.7658599019,1.972316742,1.230535269,1.421099186,1.051343083,0.4259838164,0.1653054804,0.1095797792,1.997088432,0.6117695335,0.08603046704,6.948999348,8.511953315,-125.6021306,8.357794776,
Sri Lanka,South Asia,4.327000141,9.389969826,0.8253740668,67.20006561,0.8376336694,0.08112961799,0.8590017557,1.972316742,0.8979869485,1.19494009,0.7920367122,0.528632462,0.2526661456,0.04944456369,0.6112885475,0.4608108675,0.06438982018,5.242471644,5.165742853,53.33440793,5.037242488,
Swaziland,Sub-Saharan Africa,4.308100224,9.16267395,0.7702901959,51.18823624,0.6468222737,-0.1992014199,0.7082633376,1.972316742,0.827539742,1.064835191,0.2155858278,0.2999357879,0.06726483256,0.1467658728,1.686207294,0.4701793654,0.08416191962,5.592827542,6.660407964,-21.62685499,6.082624915,
Sweden,Western Europe,7.353499889,10.75879383,0.9263111949,72.60076904,0.9391441941,0.1116146222,0.2508801818,1.972316742,1.322235227,1.433347702,0.9864704609,0.6502977014,0.2728278935,0.4420663714,2.246299267,0.6834873876,0.1012868043,7.938476756,7.830000904,65.88294388,29.31080421,
Switzerland,Western Europe,7.559899807,10.97993279,0.9428465962,74.10244751,0.9213366508,0.1059110388,0.3037284315,1.972316742,1.39077425,1.472403407,1.040533185,0.6289544702,0.2690557539,0.4079459012,2.35026741,0.6885196799,0.1020195697,8.018165242,8.205360983,71.37971539,24.89032644,
Taiwan Province of China,East Asia,6.45539999,10.77568531,0.8943091035,69.59999847,0.7715303302,-0.07319869846,0.7318829298,1.972316742,1.327470541,1.357760668,0.8784379959,0.4494043887,0.1505987048,0.1315163523,2.160238743,0.5990709458,0.09275000189,7.218309603,8.367007411,-88.19009253,8.820263087,
Tajikistan,Commonwealth of Independent States,5.555699825,8.024810791,0.8352971077,64.10459137,0.8313834071,-0.02508851141,0.5920760632,1.972316742,0.4748746157,1.218377709,0.6805948019,0.5211411715,0.1824171245,0.2217799127,2.25650835,0.6923153667,0.08666617642,6.651166123,6.682476193,-221.4439803,9.383422454,
Tanzania,Sub-Saharan Africa,3.476200104,7.967665195,0.6889331937,57.49607468,0.8215397596,0.109668687,0.6197994351,1.972316742,0.4571631253,0.872674644,0.4426778555,0.5093430877,0.27154091,0.2038808614,0.7189633846,0.4362884256,0.06045978136,5.045772414,4.231323028,31.69728935,5.608588693,
Thailand,Southeast Asia,5.998799801,9.741791725,0.8899732232,67.25059509,0.9050630331,0.2686851919,0.8862723112,1.972316742,1.007029295,1.347519517,0.7938558459,0.6094498038,0.3767090142,0.03183786198,1.832384109,0.6157799274,0.08920069469,6.74042729,6.628046425,22.3264995,6.768574088,
Togo,Sub-Saharan Africa,4.187200069,7.357711315,0.5513126254,54.71989822,0.6498286128,0.002667874563,0.7577334642,1.972316742,0.2681162655,0.5476228595,0.3427311778,0.3035390377,0.2007742524,0.1148264557,2.409595251,0.5690900186,0.07652061143,7.594964955,6.443545247,1569.489108,5.525953738,
Trinidad and Tobago,Latin America and Caribbean,6.191899776,10.26000214,0.9152941704,63.5,0.8579071164,0.0005268406821,0.9122306108,1.972316742,1.167641521,1.407326221,0.6588285565,0.5529311299,0.1993582547,0.01507839561,2.190695763,0.6034988779,0.0975102327,6.764928672,7.217447738,11752.88847,6.787647447,
Tunisia,Middle East and North Africa,4.392199993,9.314972878,0.6887185574,66.89785767,0.5933615565,-0.2164138108,0.8675902486,1.972316742,0.8747426867,0.8721677065,0.7811567187,0.2358605564,0.05588114262,0.04389957339,1.528496742,0.4715204275,0.06565531612,6.377351018,7.402232155,-20.29537753,5.062528077,
Turkey,Middle East and North Africa,5.131800175,10.12941933,0.8263135552,66.90281677,0.608830452,-0.1710464358,0.7481973767,1.972316742,1.127169251,1.197159171,0.7813352942,0.2544007599,0.08588556945,0.120983243,1.564816713,0.5066233324,0.07670529317,6.210475602,8.428947925,-30.00238005,6.858885549,
Turkmenistan,Commonwealth of Independent States,5.119100094,9.74803257,0.9589661956,62.21170807,0.8264570236,0.1876715422,0.8836918473,1.972316742,1.008963585,1.510476947,0.6124480367,0.5152366757,0.3231293261,0.03350389004,1.115337372,0.5251418742,0.08228515585,5.33814447,6.1940306,27.27691175,5.792856536,
Uganda,Sub-Saharan Africa,4.43200016,7.500389576,0.7649946213,55.70820236,0.7317139506,0.09948743135,0.8367378116,1.972316742,0.3123374283,1.052327394,0.3783116639,0.4016825557,0.2648073733,0.06381884217,1.958671093,0.5909026612,0.07955740757,5.793504996,6.057011974,44.54834244,5.296760943,
Ukraine,Commonwealth of Independent States,4.56069994,9.010690689,0.8788793683,64.60678101,0.6630818844,-0.03093370609,0.9206367135,1.972316742,0.7804346085,1.321316481,0.6986743808,0.3194237053,0.1785513163,0.009651159868,1.252669334,0.5061432133,0.07059166033,5.189221757,6.878034293,-147.4346438,4.95385408,
United Arab Emirates,Middle East and North Africa,6.790800095,11.1099987,0.8491811156,67.08278656,0.9413455129,0.1234508455,0.5945022106,1.972316742,1.431086421,1.251170993,0.7878144383,0.652936101,0.2806559801,0.2202135175,2.166965961,0.6112332032,0.1012301433,7.996880724,7.213929425,55.0081295,11.42266584,
United Kingdom,Western Europe,7.164500237,10.60013485,0.9366828203,72.30160522,0.8347436786,0.2637324929,0.4359159172,1.972316742,1.273061037,1.457844973,0.9757000804,0.5251686573,0.3734334409,0.3226016462,2.236721992,0.6758876503,0.09909185577,7.648800726,8.582874504,27.16578514,16.43550959,
United States,North America and ANZ,6.939599991,10.92576885,0.9142190218,68.29949951,0.8426195383,0.1498917341,0.6997153163,1.972316742,1.37398684,1.404786706,0.831618011,0.5346082449,0.298143059,0.1522847414,2.344124794,0.6351589609,0.1016054296,7.590741196,8.235745405,46.29741614,9.917747731,
Uruguay,Latin America and Caribbean,6.440100193,9.948192596,0.9228112698,69.00254822,0.8923954368,-0.1011031121,0.6359941363,1.972316742,1.071000457,1.425081134,0.856928885,0.5942670703,0.1321436912,0.1934250742,2.167276382,0.6473638433,0.09333133862,6.978783641,7.216644021,-63.69833786,10.12603706,
Uzbekistan,Commonwealth of Independent States,6.257599831,8.740371704,0.9265958071,65.10757446,0.9749981165,0.2484271526,0.5014973879,1.972316742,0.6966529489,1.434020042,0.7167037129,0.6932703257,0.3633110225,0.2802602649,2.073346615,0.7159420723,0.09611170255,6.75332198,6.418063507,25.18887233,12.47783135,
Venezuela,Latin America and Caribbean,5.053199768,8.977793694,0.8904081583,66.50534058,0.6232783198,-0.1690905094,0.8370383978,1.972316742,0.7702386379,1.348546863,0.7670255303,0.2717172205,0.08717915416,0.0636247769,1.74484086,0.562855412,0.07598186438,5.675149897,8.107453135,-29.88458539,6.036998758,
Vietnam,Southeast Asia,5.353499889,8.809545517,0.8499871492,67.9527359,0.9395929575,-0.09453333169,0.7964212298,1.972316742,0.718092382,1.253074765,0.819133997,0.6508355737,0.1364887208,0.08984845877,1.685977936,0.6076930846,0.07878269827,6.298330386,5.69767988,-56.63081787,6.721945233,
Yemen,Middle East and North Africa,3.527400017,7.759682655,0.8179805875,56.72728348,0.5999202728,-0.1577354372,0.8002877235,1.972316742,0.3927017748,1.177477121,0.4150001705,0.2437214851,0.09468901157,0.08735212684,1.116472721,0.4545804479,0.06218171928,4.312327298,5.879781325,-22.36276185,4.407664785,
Zambia,Sub-Saharan Africa,3.759399891,8.224720001,0.6988244653,55.29937744,0.8065002561,0.07803712785,0.8012896776,1.972316742,0.5368337631,0.8960372806,0.3635933399,0.4913175404,0.2506209016,0.08670523763,1.134339333,0.4570854558,0.06798268018,5.379605434,4.661374702,48.17450353,4.69168641,
Zimbabwe,Sub-Saharan Africa,3.299200058,7.865711689,0.7630927563,55.61725998,0.7114579082,-0.07206395268,0.8102369905,1.972316742,0.4255640209,1.047835231,0.3750376105,0.3774047196,0.1513491869,0.08092857897,0.8410310745,0.4194407561,0.05931971584,4.323458755,4.637238578,-45.78155839,4.071895133,